ws1,ws2,pmax1,pmax2,fout_name
-1.38e-06,1.38e-05,1.0000079951190892,1.0000012792147588,0
-1.38e-06,1.38e-05,1.0000079951190892,1.000006076284678,1
-1.38e-06,1.38e-05,1.0000079951190892,1.0000108733776094,2
-1.38e-06,1.38e-05,1.0000079951190892,1.0000156704935528,3
-1.38e-06,1.38e-05,1.0000079951190892,1.000020467632508,4
-1.38e-06,1.38e-05,1.0000379773849828,1.0000012792147588,5
-1.38e-06,1.38e-05,1.0000379773849828,1.000006076284678,6
-1.38e-06,1.38e-05,1.0000379773849828,1.0000108733776094,7
-1.38e-06,1.38e-05,1.0000379773849828,1.0000156704935528,8
-1.38e-06,1.38e-05,1.0000379773849828,1.000020467632508,9
-1.38e-06,1.38e-05,1.0000679605498053,1.0000012792147588,10
-1.38e-06,1.38e-05,1.0000679605498053,1.000006076284678,11
-1.38e-06,1.38e-05,1.0000679605498053,1.0000108733776094,12
-1.38e-06,1.38e-05,1.0000679605498053,1.0000156704935528,13
-1.38e-06,1.38e-05,1.0000679605498053,1.000020467632508,14
-1.38e-06,1.38e-05,1.000097944613584,1.0000012792147588,15
-1.38e-06,1.38e-05,1.000097944613584,1.000006076284678,16
-1.38e-06,1.38e-05,1.000097944613584,1.0000108733776094,17
-1.38e-06,1.38e-05,1.000097944613584,1.0000156704935528,18
-1.38e-06,1.38e-05,1.000097944613584,1.000020467632508,19
-1.38e-06,1.38e-05,1.0001279295763457,1.0000012792147588,20
-1.38e-06,1.38e-05,1.0001279295763457,1.000006076284678,21
-1.38e-06,1.38e-05,1.0001279295763457,1.0000108733776094,22
-1.38e-06,1.38e-05,1.0001279295763457,1.0000156704935528,23
-1.38e-06,1.38e-05,1.0001279295763457,1.000020467632508,24
-3.5535e-05,1.38e-05,1.0000079951190892,1.0000012792147588,25
-3.5535e-05,1.38e-05,1.0000079951190892,1.000006076284678,26
-3.5535e-05,1.38e-05,1.0000079951190892,1.0000108733776094,27
-3.5535e-05,1.38e-05,1.0000079951190892,1.0000156704935528,28
-3.5535e-05,1.38e-05,1.0000079951190892,1.000020467632508,29
-3.5535e-05,1.38e-05,1.0000379773849828,1.0000012792147588,30
-3.5535e-05,1.38e-05,1.0000379773849828,1.000006076284678,31
-3.5535e-05,1.38e-05,1.0000379773849828,1.0000108733776094,32
-3.5535e-05,1.38e-05,1.0000379773849828,1.0000156704935528,33
-3.5535e-05,1.38e-05,1.0000379773849828,1.000020467632508,34
-3.5535e-05,1.38e-05,1.0000679605498053,1.0000012792147588,35
-3.5535e-05,1.38e-05,1.0000679605498053,1.000006076284678,36
-3.5535e-05,1.38e-05,1.0000679605498053,1.0000108733776094,37
-3.5535e-05,1.38e-05,1.0000679605498053,1.0000156704935528,38
-3.5535e-05,1.38e-05,1.0000679605498053,1.000020467632508,39
-3.5535e-05,1.38e-05,1.000097944613584,1.0000012792147588,40
-3.5535e-05,1.38e-05,1.000097944613584,1.000006076284678,41
-3.5535e-05,1.38e-05,1.000097944613584,1.0000108733776094,42
-3.5535e-05,1.38e-05,1.000097944613584,1.0000156704935528,43
-3.5535e-05,1.38e-05,1.000097944613584,1.000020467632508,44
-3.5535e-05,1.38e-05,1.0001279295763457,1.0000012792147588,45
-3.5535e-05,1.38e-05,1.0001279295763457,1.000006076284678,46
-3.5535e-05,1.38e-05,1.0001279295763457,1.0000108733776094,47
-3.5535e-05,1.38e-05,1.0001279295763457,1.0000156704935528,48
-3.5535e-05,1.38e-05,1.0001279295763457,1.000020467632508,49
-6.969e-05,1.38e-05,1.0000079951190892,1.0000012792147588,50
-6.969e-05,1.38e-05,1.0000079951190892,1.000006076284678,51
-6.969e-05,1.38e-05,1.0000079951190892,1.0000108733776094,52
-6.969e-05,1.38e-05,1.0000079951190892,1.0000156704935528,53
-6.969e-05,1.38e-05,1.0000079951190892,1.000020467632508,54
-6.969e-05,1.38e-05,1.0000379773849828,1.0000012792147588,55
-6.969e-05,1.38e-05,1.0000379773849828,1.000006076284678,56
-6.969e-05,1.38e-05,1.0000379773849828,1.0000108733776094,57
-6.969e-05,1.38e-05,1.0000379773849828,1.0000156704935528,58
-6.969e-05,1.38e-05,1.0000379773849828,1.000020467632508,59
-6.969e-05,1.38e-05,1.0000679605498053,1.0000012792147588,60
-6.969e-05,1.38e-05,1.0000679605498053,1.000006076284678,61
-6.969e-05,1.38e-05,1.0000679605498053,1.0000108733776094,62
-6.969e-05,1.38e-05,1.0000679605498053,1.0000156704935528,63
-6.969e-05,1.38e-05,1.0000679605498053,1.000020467632508,64
-6.969e-05,1.38e-05,1.000097944613584,1.0000012792147588,65
-6.969e-05,1.38e-05,1.000097944613584,1.000006076284678,66
-6.969e-05,1.38e-05,1.000097944613584,1.0000108733776094,67
-6.969e-05,1.38e-05,1.000097944613584,1.0000156704935528,68
-6.969e-05,1.38e-05,1.000097944613584,1.000020467632508,69
-6.969e-05,1.38e-05,1.0001279295763457,1.0000012792147588,70
-6.969e-05,1.38e-05,1.0001279295763457,1.000006076284678,71
-6.969e-05,1.38e-05,1.0001279295763457,1.0000108733776094,72
-6.969e-05,1.38e-05,1.0001279295763457,1.0000156704935528,73
-6.969e-05,1.38e-05,1.0001279295763457,1.000020467632508,74
-0.000103845,1.38e-05,1.0000079951190892,1.0000012792147588,75
-0.000103845,1.38e-05,1.0000079951190892,1.000006076284678,76
-0.000103845,1.38e-05,1.0000079951190892,1.0000108733776094,77
-0.000103845,1.38e-05,1.0000079951190892,1.0000156704935528,78
-0.000103845,1.38e-05,1.0000079951190892,1.000020467632508,79
-0.000103845,1.38e-05,1.0000379773849828,1.0000012792147588,80
-0.000103845,1.38e-05,1.0000379773849828,1.000006076284678,81
-0.000103845,1.38e-05,1.0000379773849828,1.0000108733776094,82
-0.000103845,1.38e-05,1.0000379773849828,1.0000156704935528,83
-0.000103845,1.38e-05,1.0000379773849828,1.000020467632508,84
-0.000103845,1.38e-05,1.0000679605498053,1.0000012792147588,85
-0.000103845,1.38e-05,1.0000679605498053,1.000006076284678,86
-0.000103845,1.38e-05,1.0000679605498053,1.0000108733776094,87
-0.000103845,1.38e-05,1.0000679605498053,1.0000156704935528,88
-0.000103845,1.38e-05,1.0000679605498053,1.000020467632508,89
-0.000103845,1.38e-05,1.000097944613584,1.0000012792147588,90
-0.000103845,1.38e-05,1.000097944613584,1.000006076284678,91
-0.000103845,1.38e-05,1.000097944613584,1.0000108733776094,92
-0.000103845,1.38e-05,1.000097944613584,1.0000156704935528,93
-0.000103845,1.38e-05,1.000097944613584,1.000020467632508,94
-0.000103845,1.38e-05,1.0001279295763457,1.0000012792147588,95
-0.000103845,1.38e-05,1.0001279295763457,1.000006076284678,96
-0.000103845,1.38e-05,1.0001279295763457,1.0000108733776094,97
-0.000103845,1.38e-05,1.0001279295763457,1.0000156704935528,98
-0.000103845,1.38e-05,1.0001279295763457,1.000020467632508,99
-0.000138,1.38e-05,1.0000079951190892,1.0000012792147588,100
-0.000138,1.38e-05,1.0000079951190892,1.000006076284678,101
-0.000138,1.38e-05,1.0000079951190892,1.0000108733776094,102
-0.000138,1.38e-05,1.0000079951190892,1.0000156704935528,103
-0.000138,1.38e-05,1.0000079951190892,1.000020467632508,104
-0.000138,1.38e-05,1.0000379773849828,1.0000012792147588,105
-0.000138,1.38e-05,1.0000379773849828,1.000006076284678,106
-0.000138,1.38e-05,1.0000379773849828,1.0000108733776094,107
-0.000138,1.38e-05,1.0000379773849828,1.0000156704935528,108
-0.000138,1.38e-05,1.0000379773849828,1.000020467632508,109
-0.000138,1.38e-05,1.0000679605498053,1.0000012792147588,110
-0.000138,1.38e-05,1.0000679605498053,1.000006076284678,111
-0.000138,1.38e-05,1.0000679605498053,1.0000108733776094,112
-0.000138,1.38e-05,1.0000679605498053,1.0000156704935528,113
-0.000138,1.38e-05,1.0000679605498053,1.000020467632508,114
-0.000138,1.38e-05,1.000097944613584,1.0000012792147588,115
-0.000138,1.38e-05,1.000097944613584,1.000006076284678,116
-0.000138,1.38e-05,1.000097944613584,1.0000108733776094,117
-0.000138,1.38e-05,1.000097944613584,1.0000156704935528,118
-0.000138,1.38e-05,1.000097944613584,1.000020467632508,119
-0.000138,1.38e-05,1.0001279295763457,1.0000012792147588,120
-0.000138,1.38e-05,1.0001279295763457,1.000006076284678,121
-0.000138,1.38e-05,1.0001279295763457,1.0000108733776094,122
-0.000138,1.38e-05,1.0001279295763457,1.0000156704935528,123
-0.000138,1.38e-05,1.0001279295763457,1.000020467632508,124
-1.38e-06,0.00035535,1.0000079951190892,1.0000012792147588,125
-1.38e-06,0.00035535,1.0000079951190892,1.000006076284678,126
-1.38e-06,0.00035535,1.0000079951190892,1.0000108733776094,127
-1.38e-06,0.00035535,1.0000079951190892,1.0000156704935528,128
-1.38e-06,0.00035535,1.0000079951190892,1.000020467632508,129
-1.38e-06,0.00035535,1.0000379773849828,1.0000012792147588,130
-1.38e-06,0.00035535,1.0000379773849828,1.000006076284678,131
-1.38e-06,0.00035535,1.0000379773849828,1.0000108733776094,132
-1.38e-06,0.00035535,1.0000379773849828,1.0000156704935528,133
-1.38e-06,0.00035535,1.0000379773849828,1.000020467632508,134
-1.38e-06,0.00035535,1.0000679605498053,1.0000012792147588,135
-1.38e-06,0.00035535,1.0000679605498053,1.000006076284678,136
-1.38e-06,0.00035535,1.0000679605498053,1.0000108733776094,137
-1.38e-06,0.00035535,1.0000679605498053,1.0000156704935528,138
-1.38e-06,0.00035535,1.0000679605498053,1.000020467632508,139
-1.38e-06,0.00035535,1.000097944613584,1.0000012792147588,140
-1.38e-06,0.00035535,1.000097944613584,1.000006076284678,141
-1.38e-06,0.00035535,1.000097944613584,1.0000108733776094,142
-1.38e-06,0.00035535,1.000097944613584,1.0000156704935528,143
-1.38e-06,0.00035535,1.000097944613584,1.000020467632508,144
-1.38e-06,0.00035535,1.0001279295763457,1.0000012792147588,145
-1.38e-06,0.00035535,1.0001279295763457,1.000006076284678,146
-1.38e-06,0.00035535,1.0001279295763457,1.0000108733776094,147
-1.38e-06,0.00035535,1.0001279295763457,1.0000156704935528,148
-1.38e-06,0.00035535,1.0001279295763457,1.000020467632508,149
-3.5535e-05,0.00035535,1.0000079951190892,1.0000012792147588,150
-3.5535e-05,0.00035535,1.0000079951190892,1.000006076284678,151
-3.5535e-05,0.00035535,1.0000079951190892,1.0000108733776094,152
-3.5535e-05,0.00035535,1.0000079951190892,1.0000156704935528,153
-3.5535e-05,0.00035535,1.0000079951190892,1.000020467632508,154
-3.5535e-05,0.00035535,1.0000379773849828,1.0000012792147588,155
-3.5535e-05,0.00035535,1.0000379773849828,1.000006076284678,156
-3.5535e-05,0.00035535,1.0000379773849828,1.0000108733776094,157
-3.5535e-05,0.00035535,1.0000379773849828,1.0000156704935528,158
-3.5535e-05,0.00035535,1.0000379773849828,1.000020467632508,159
-3.5535e-05,0.00035535,1.0000679605498053,1.0000012792147588,160
-3.5535e-05,0.00035535,1.0000679605498053,1.000006076284678,161
-3.5535e-05,0.00035535,1.0000679605498053,1.0000108733776094,162
-3.5535e-05,0.00035535,1.0000679605498053,1.0000156704935528,163
-3.5535e-05,0.00035535,1.0000679605498053,1.000020467632508,164
-3.5535e-05,0.00035535,1.000097944613584,1.0000012792147588,165
-3.5535e-05,0.00035535,1.000097944613584,1.000006076284678,166
-3.5535e-05,0.00035535,1.000097944613584,1.0000108733776094,167
-3.5535e-05,0.00035535,1.000097944613584,1.0000156704935528,168
-3.5535e-05,0.00035535,1.000097944613584,1.000020467632508,169
-3.5535e-05,0.00035535,1.0001279295763457,1.0000012792147588,170
-3.5535e-05,0.00035535,1.0001279295763457,1.000006076284678,171
-3.5535e-05,0.00035535,1.0001279295763457,1.0000108733776094,172
-3.5535e-05,0.00035535,1.0001279295763457,1.0000156704935528,173
-3.5535e-05,0.00035535,1.0001279295763457,1.000020467632508,174
-6.969e-05,0.00035535,1.0000079951190892,1.0000012792147588,175
-6.969e-05,0.00035535,1.0000079951190892,1.000006076284678,176
-6.969e-05,0.00035535,1.0000079951190892,1.0000108733776094,177
-6.969e-05,0.00035535,1.0000079951190892,1.0000156704935528,178
-6.969e-05,0.00035535,1.0000079951190892,1.000020467632508,179
-6.969e-05,0.00035535,1.0000379773849828,1.0000012792147588,180
-6.969e-05,0.00035535,1.0000379773849828,1.000006076284678,181
-6.969e-05,0.00035535,1.0000379773849828,1.0000108733776094,182
-6.969e-05,0.00035535,1.0000379773849828,1.0000156704935528,183
-6.969e-05,0.00035535,1.0000379773849828,1.000020467632508,184
-6.969e-05,0.00035535,1.0000679605498053,1.0000012792147588,185
-6.969e-05,0.00035535,1.0000679605498053,1.000006076284678,186
-6.969e-05,0.00035535,1.0000679605498053,1.0000108733776094,187
-6.969e-05,0.00035535,1.0000679605498053,1.0000156704935528,188
-6.969e-05,0.00035535,1.0000679605498053,1.000020467632508,189
-6.969e-05,0.00035535,1.000097944613584,1.0000012792147588,190
-6.969e-05,0.00035535,1.000097944613584,1.000006076284678,191
-6.969e-05,0.00035535,1.000097944613584,1.0000108733776094,192
-6.969e-05,0.00035535,1.000097944613584,1.0000156704935528,193
-6.969e-05,0.00035535,1.000097944613584,1.000020467632508,194
-6.969e-05,0.00035535,1.0001279295763457,1.0000012792147588,195
-6.969e-05,0.00035535,1.0001279295763457,1.000006076284678,196
-6.969e-05,0.00035535,1.0001279295763457,1.0000108733776094,197
-6.969e-05,0.00035535,1.0001279295763457,1.0000156704935528,198
-6.969e-05,0.00035535,1.0001279295763457,1.000020467632508,199
-0.000103845,0.00035535,1.0000079951190892,1.0000012792147588,200
-0.000103845,0.00035535,1.0000079951190892,1.000006076284678,201
-0.000103845,0.00035535,1.0000079951190892,1.0000108733776094,202
-0.000103845,0.00035535,1.0000079951190892,1.0000156704935528,203
-0.000103845,0.00035535,1.0000079951190892,1.000020467632508,204
-0.000103845,0.00035535,1.0000379773849828,1.0000012792147588,205
-0.000103845,0.00035535,1.0000379773849828,1.000006076284678,206
-0.000103845,0.00035535,1.0000379773849828,1.0000108733776094,207
-0.000103845,0.00035535,1.0000379773849828,1.0000156704935528,208
-0.000103845,0.00035535,1.0000379773849828,1.000020467632508,209
-0.000103845,0.00035535,1.0000679605498053,1.0000012792147588,210
-0.000103845,0.00035535,1.0000679605498053,1.000006076284678,211
-0.000103845,0.00035535,1.0000679605498053,1.0000108733776094,212
-0.000103845,0.00035535,1.0000679605498053,1.0000156704935528,213
-0.000103845,0.00035535,1.0000679605498053,1.000020467632508,214
-0.000103845,0.00035535,1.000097944613584,1.0000012792147588,215
-0.000103845,0.00035535,1.000097944613584,1.000006076284678,216
-0.000103845,0.00035535,1.000097944613584,1.0000108733776094,217
-0.000103845,0.00035535,1.000097944613584,1.0000156704935528,218
-0.000103845,0.00035535,1.000097944613584,1.000020467632508,219
-0.000103845,0.00035535,1.0001279295763457,1.0000012792147588,220
-0.000103845,0.00035535,1.0001279295763457,1.000006076284678,221
-0.000103845,0.00035535,1.0001279295763457,1.0000108733776094,222
-0.000103845,0.00035535,1.0001279295763457,1.0000156704935528,223
-0.000103845,0.00035535,1.0001279295763457,1.000020467632508,224
-0.000138,0.00035535,1.0000079951190892,1.0000012792147588,225
-0.000138,0.00035535,1.0000079951190892,1.000006076284678,226
-0.000138,0.00035535,1.0000079951190892,1.0000108733776094,227
-0.000138,0.00035535,1.0000079951190892,1.0000156704935528,228
-0.000138,0.00035535,1.0000079951190892,1.000020467632508,229
-0.000138,0.00035535,1.0000379773849828,1.0000012792147588,230
-0.000138,0.00035535,1.0000379773849828,1.000006076284678,231
-0.000138,0.00035535,1.0000379773849828,1.0000108733776094,232
-0.000138,0.00035535,1.0000379773849828,1.0000156704935528,233
-0.000138,0.00035535,1.0000379773849828,1.000020467632508,234
-0.000138,0.00035535,1.0000679605498053,1.0000012792147588,235
-0.000138,0.00035535,1.0000679605498053,1.000006076284678,236
-0.000138,0.00035535,1.0000679605498053,1.0000108733776094,237
-0.000138,0.00035535,1.0000679605498053,1.0000156704935528,238
-0.000138,0.00035535,1.0000679605498053,1.000020467632508,239
-0.000138,0.00035535,1.000097944613584,1.0000012792147588,240
-0.000138,0.00035535,1.000097944613584,1.000006076284678,241
-0.000138,0.00035535,1.000097944613584,1.0000108733776094,242
-0.000138,0.00035535,1.000097944613584,1.0000156704935528,243
-0.000138,0.00035535,1.000097944613584,1.000020467632508,244
-0.000138,0.00035535,1.0001279295763457,1.0000012792147588,245
-0.000138,0.00035535,1.0001279295763457,1.000006076284678,246
-0.000138,0.00035535,1.0001279295763457,1.0000108733776094,247
-0.000138,0.00035535,1.0001279295763457,1.0000156704935528,248
-0.000138,0.00035535,1.0001279295763457,1.000020467632508,249
-1.38e-06,0.0006969,1.0000079951190892,1.0000012792147588,250
-1.38e-06,0.0006969,1.0000079951190892,1.000006076284678,251
-1.38e-06,0.0006969,1.0000079951190892,1.0000108733776094,252
-1.38e-06,0.0006969,1.0000079951190892,1.0000156704935528,253
-1.38e-06,0.0006969,1.0000079951190892,1.000020467632508,254
-1.38e-06,0.0006969,1.0000379773849828,1.0000012792147588,255
-1.38e-06,0.0006969,1.0000379773849828,1.000006076284678,256
-1.38e-06,0.0006969,1.0000379773849828,1.0000108733776094,257
-1.38e-06,0.0006969,1.0000379773849828,1.0000156704935528,258
-1.38e-06,0.0006969,1.0000379773849828,1.000020467632508,259
-1.38e-06,0.0006969,1.0000679605498053,1.0000012792147588,260
-1.38e-06,0.0006969,1.0000679605498053,1.000006076284678,261
-1.38e-06,0.0006969,1.0000679605498053,1.0000108733776094,262
-1.38e-06,0.0006969,1.0000679605498053,1.0000156704935528,263
-1.38e-06,0.0006969,1.0000679605498053,1.000020467632508,264
-1.38e-06,0.0006969,1.000097944613584,1.0000012792147588,265
-1.38e-06,0.0006969,1.000097944613584,1.000006076284678,266
-1.38e-06,0.0006969,1.000097944613584,1.0000108733776094,267
-1.38e-06,0.0006969,1.000097944613584,1.0000156704935528,268
-1.38e-06,0.0006969,1.000097944613584,1.000020467632508,269
-1.38e-06,0.0006969,1.0001279295763457,1.0000012792147588,270
-1.38e-06,0.0006969,1.0001279295763457,1.000006076284678,271
-1.38e-06,0.0006969,1.0001279295763457,1.0000108733776094,272
-1.38e-06,0.0006969,1.0001279295763457,1.0000156704935528,273
-1.38e-06,0.0006969,1.0001279295763457,1.000020467632508,274
-3.5535e-05,0.0006969,1.0000079951190892,1.0000012792147588,275
-3.5535e-05,0.0006969,1.0000079951190892,1.000006076284678,276
-3.5535e-05,0.0006969,1.0000079951190892,1.0000108733776094,277
-3.5535e-05,0.0006969,1.0000079951190892,1.0000156704935528,278
-3.5535e-05,0.0006969,1.0000079951190892,1.000020467632508,279
-3.5535e-05,0.0006969,1.0000379773849828,1.0000012792147588,280
-3.5535e-05,0.0006969,1.0000379773849828,1.000006076284678,281
-3.5535e-05,0.0006969,1.0000379773849828,1.0000108733776094,282
-3.5535e-05,0.0006969,1.0000379773849828,1.0000156704935528,283
-3.5535e-05,0.0006969,1.0000379773849828,1.000020467632508,284
-3.5535e-05,0.0006969,1.0000679605498053,1.0000012792147588,285
-3.5535e-05,0.0006969,1.0000679605498053,1.000006076284678,286
-3.5535e-05,0.0006969,1.0000679605498053,1.0000108733776094,287
-3.5535e-05,0.0006969,1.0000679605498053,1.0000156704935528,288
-3.5535e-05,0.0006969,1.0000679605498053,1.000020467632508,289
-3.5535e-05,0.0006969,1.000097944613584,1.0000012792147588,290
-3.5535e-05,0.0006969,1.000097944613584,1.000006076284678,291
-3.5535e-05,0.0006969,1.000097944613584,1.0000108733776094,292
-3.5535e-05,0.0006969,1.000097944613584,1.0000156704935528,293
-3.5535e-05,0.0006969,1.000097944613584,1.000020467632508,294
-3.5535e-05,0.0006969,1.0001279295763457,1.0000012792147588,295
-3.5535e-05,0.0006969,1.0001279295763457,1.000006076284678,296
-3.5535e-05,0.0006969,1.0001279295763457,1.0000108733776094,297
-3.5535e-05,0.0006969,1.0001279295763457,1.0000156704935528,298
-3.5535e-05,0.0006969,1.0001279295763457,1.000020467632508,299
-6.969e-05,0.0006969,1.0000079951190892,1.0000012792147588,300
-6.969e-05,0.0006969,1.0000079951190892,1.000006076284678,301
-6.969e-05,0.0006969,1.0000079951190892,1.0000108733776094,302
-6.969e-05,0.0006969,1.0000079951190892,1.0000156704935528,303
-6.969e-05,0.0006969,1.0000079951190892,1.000020467632508,304
-6.969e-05,0.0006969,1.0000379773849828,1.0000012792147588,305
-6.969e-05,0.0006969,1.0000379773849828,1.000006076284678,306
-6.969e-05,0.0006969,1.0000379773849828,1.0000108733776094,307
-6.969e-05,0.0006969,1.0000379773849828,1.0000156704935528,308
-6.969e-05,0.0006969,1.0000379773849828,1.000020467632508,309
-6.969e-05,0.0006969,1.0000679605498053,1.0000012792147588,310
-6.969e-05,0.0006969,1.0000679605498053,1.000006076284678,311
-6.969e-05,0.0006969,1.0000679605498053,1.0000108733776094,312
-6.969e-05,0.0006969,1.0000679605498053,1.0000156704935528,313
-6.969e-05,0.0006969,1.0000679605498053,1.000020467632508,314
-6.969e-05,0.0006969,1.000097944613584,1.0000012792147588,315
-6.969e-05,0.0006969,1.000097944613584,1.000006076284678,316
-6.969e-05,0.0006969,1.000097944613584,1.0000108733776094,317
-6.969e-05,0.0006969,1.000097944613584,1.0000156704935528,318
-6.969e-05,0.0006969,1.000097944613584,1.000020467632508,319
-6.969e-05,0.0006969,1.0001279295763457,1.0000012792147588,320
-6.969e-05,0.0006969,1.0001279295763457,1.000006076284678,321
-6.969e-05,0.0006969,1.0001279295763457,1.0000108733776094,322
-6.969e-05,0.0006969,1.0001279295763457,1.0000156704935528,323
-6.969e-05,0.0006969,1.0001279295763457,1.000020467632508,324
-0.000103845,0.0006969,1.0000079951190892,1.0000012792147588,325
-0.000103845,0.0006969,1.0000079951190892,1.000006076284678,326
-0.000103845,0.0006969,1.0000079951190892,1.0000108733776094,327
-0.000103845,0.0006969,1.0000079951190892,1.0000156704935528,328
-0.000103845,0.0006969,1.0000079951190892,1.000020467632508,329
-0.000103845,0.0006969,1.0000379773849828,1.0000012792147588,330
-0.000103845,0.0006969,1.0000379773849828,1.000006076284678,331
-0.000103845,0.0006969,1.0000379773849828,1.0000108733776094,332
-0.000103845,0.0006969,1.0000379773849828,1.0000156704935528,333
-0.000103845,0.0006969,1.0000379773849828,1.000020467632508,334
-0.000103845,0.0006969,1.0000679605498053,1.0000012792147588,335
-0.000103845,0.0006969,1.0000679605498053,1.000006076284678,336
-0.000103845,0.0006969,1.0000679605498053,1.0000108733776094,337
-0.000103845,0.0006969,1.0000679605498053,1.0000156704935528,338
-0.000103845,0.0006969,1.0000679605498053,1.000020467632508,339
-0.000103845,0.0006969,1.000097944613584,1.0000012792147588,340
-0.000103845,0.0006969,1.000097944613584,1.000006076284678,341
-0.000103845,0.0006969,1.000097944613584,1.0000108733776094,342
-0.000103845,0.0006969,1.000097944613584,1.0000156704935528,343
-0.000103845,0.0006969,1.000097944613584,1.000020467632508,344
-0.000103845,0.0006969,1.0001279295763457,1.0000012792147588,345
-0.000103845,0.0006969,1.0001279295763457,1.000006076284678,346
-0.000103845,0.0006969,1.0001279295763457,1.0000108733776094,347
-0.000103845,0.0006969,1.0001279295763457,1.0000156704935528,348
-0.000103845,0.0006969,1.0001279295763457,1.000020467632508,349
-0.000138,0.0006969,1.0000079951190892,1.0000012792147588,350
-0.000138,0.0006969,1.0000079951190892,1.000006076284678,351
-0.000138,0.0006969,1.0000079951190892,1.0000108733776094,352
-0.000138,0.0006969,1.0000079951190892,1.0000156704935528,353
-0.000138,0.0006969,1.0000079951190892,1.000020467632508,354
-0.000138,0.0006969,1.0000379773849828,1.0000012792147588,355
-0.000138,0.0006969,1.0000379773849828,1.000006076284678,356
-0.000138,0.0006969,1.0000379773849828,1.0000108733776094,357
-0.000138,0.0006969,1.0000379773849828,1.0000156704935528,358
-0.000138,0.0006969,1.0000379773849828,1.000020467632508,359
-0.000138,0.0006969,1.0000679605498053,1.0000012792147588,360
-0.000138,0.0006969,1.0000679605498053,1.000006076284678,361
-0.000138,0.0006969,1.0000679605498053,1.0000108733776094,362
-0.000138,0.0006969,1.0000679605498053,1.0000156704935528,363
-0.000138,0.0006969,1.0000679605498053,1.000020467632508,364
-0.000138,0.0006969,1.000097944613584,1.0000012792147588,365
-0.000138,0.0006969,1.000097944613584,1.000006076284678,366
-0.000138,0.0006969,1.000097944613584,1.0000108733776094,367
-0.000138,0.0006969,1.000097944613584,1.0000156704935528,368
-0.000138,0.0006969,1.000097944613584,1.000020467632508,369
-0.000138,0.0006969,1.0001279295763457,1.0000012792147588,370
-0.000138,0.0006969,1.0001279295763457,1.000006076284678,371
-0.000138,0.0006969,1.0001279295763457,1.0000108733776094,372
-0.000138,0.0006969,1.0001279295763457,1.0000156704935528,373
-0.000138,0.0006969,1.0001279295763457,1.000020467632508,374
-1.38e-06,0.00103845,1.0000079951190892,1.0000012792147588,375
-1.38e-06,0.00103845,1.0000079951190892,1.000006076284678,376
-1.38e-06,0.00103845,1.0000079951190892,1.0000108733776094,377
-1.38e-06,0.00103845,1.0000079951190892,1.0000156704935528,378
-1.38e-06,0.00103845,1.0000079951190892,1.000020467632508,379
-1.38e-06,0.00103845,1.0000379773849828,1.0000012792147588,380
-1.38e-06,0.00103845,1.0000379773849828,1.000006076284678,381
-1.38e-06,0.00103845,1.0000379773849828,1.0000108733776094,382
-1.38e-06,0.00103845,1.0000379773849828,1.0000156704935528,383
-1.38e-06,0.00103845,1.0000379773849828,1.000020467632508,384
-1.38e-06,0.00103845,1.0000679605498053,1.0000012792147588,385
-1.38e-06,0.00103845,1.0000679605498053,1.000006076284678,386
-1.38e-06,0.00103845,1.0000679605498053,1.0000108733776094,387
-1.38e-06,0.00103845,1.0000679605498053,1.0000156704935528,388
-1.38e-06,0.00103845,1.0000679605498053,1.000020467632508,389
-1.38e-06,0.00103845,1.000097944613584,1.0000012792147588,390
-1.38e-06,0.00103845,1.000097944613584,1.000006076284678,391
-1.38e-06,0.00103845,1.000097944613584,1.0000108733776094,392
-1.38e-06,0.00103845,1.000097944613584,1.0000156704935528,393
-1.38e-06,0.00103845,1.000097944613584,1.000020467632508,394
-1.38e-06,0.00103845,1.0001279295763457,1.0000012792147588,395
-1.38e-06,0.00103845,1.0001279295763457,1.000006076284678,396
-1.38e-06,0.00103845,1.0001279295763457,1.0000108733776094,397
-1.38e-06,0.00103845,1.0001279295763457,1.0000156704935528,398
-1.38e-06,0.00103845,1.0001279295763457,1.000020467632508,399
-3.5535e-05,0.00103845,1.0000079951190892,1.0000012792147588,400
-3.5535e-05,0.00103845,1.0000079951190892,1.000006076284678,401
-3.5535e-05,0.00103845,1.0000079951190892,1.0000108733776094,402
-3.5535e-05,0.00103845,1.0000079951190892,1.0000156704935528,403
-3.5535e-05,0.00103845,1.0000079951190892,1.000020467632508,404
-3.5535e-05,0.00103845,1.0000379773849828,1.0000012792147588,405
-3.5535e-05,0.00103845,1.0000379773849828,1.000006076284678,406
-3.5535e-05,0.00103845,1.0000379773849828,1.0000108733776094,407
-3.5535e-05,0.00103845,1.0000379773849828,1.0000156704935528,408
-3.5535e-05,0.00103845,1.0000379773849828,1.000020467632508,409
-3.5535e-05,0.00103845,1.0000679605498053,1.0000012792147588,410
-3.5535e-05,0.00103845,1.0000679605498053,1.000006076284678,411
-3.5535e-05,0.00103845,1.0000679605498053,1.0000108733776094,412
-3.5535e-05,0.00103845,1.0000679605498053,1.0000156704935528,413
-3.5535e-05,0.00103845,1.0000679605498053,1.000020467632508,414
-3.5535e-05,0.00103845,1.000097944613584,1.0000012792147588,415
-3.5535e-05,0.00103845,1.000097944613584,1.000006076284678,416
-3.5535e-05,0.00103845,1.000097944613584,1.0000108733776094,417
-3.5535e-05,0.00103845,1.000097944613584,1.0000156704935528,418
-3.5535e-05,0.00103845,1.000097944613584,1.000020467632508,419
-3.5535e-05,0.00103845,1.0001279295763457,1.0000012792147588,420
-3.5535e-05,0.00103845,1.0001279295763457,1.000006076284678,421
-3.5535e-05,0.00103845,1.0001279295763457,1.0000108733776094,422
-3.5535e-05,0.00103845,1.0001279295763457,1.0000156704935528,423
-3.5535e-05,0.00103845,1.0001279295763457,1.000020467632508,424
-6.969e-05,0.00103845,1.0000079951190892,1.0000012792147588,425
-6.969e-05,0.00103845,1.0000079951190892,1.000006076284678,426
-6.969e-05,0.00103845,1.0000079951190892,1.0000108733776094,427
-6.969e-05,0.00103845,1.0000079951190892,1.0000156704935528,428
-6.969e-05,0.00103845,1.0000079951190892,1.000020467632508,429
-6.969e-05,0.00103845,1.0000379773849828,1.0000012792147588,430
-6.969e-05,0.00103845,1.0000379773849828,1.000006076284678,431
-6.969e-05,0.00103845,1.0000379773849828,1.0000108733776094,432
-6.969e-05,0.00103845,1.0000379773849828,1.0000156704935528,433
-6.969e-05,0.00103845,1.0000379773849828,1.000020467632508,434
-6.969e-05,0.00103845,1.0000679605498053,1.0000012792147588,435
-6.969e-05,0.00103845,1.0000679605498053,1.000006076284678,436
-6.969e-05,0.00103845,1.0000679605498053,1.0000108733776094,437
-6.969e-05,0.00103845,1.0000679605498053,1.0000156704935528,438
-6.969e-05,0.00103845,1.0000679605498053,1.000020467632508,439
-6.969e-05,0.00103845,1.000097944613584,1.0000012792147588,440
-6.969e-05,0.00103845,1.000097944613584,1.000006076284678,441
-6.969e-05,0.00103845,1.000097944613584,1.0000108733776094,442
-6.969e-05,0.00103845,1.000097944613584,1.0000156704935528,443
-6.969e-05,0.00103845,1.000097944613584,1.000020467632508,444
-6.969e-05,0.00103845,1.0001279295763457,1.0000012792147588,445
-6.969e-05,0.00103845,1.0001279295763457,1.000006076284678,446
-6.969e-05,0.00103845,1.0001279295763457,1.0000108733776094,447
-6.969e-05,0.00103845,1.0001279295763457,1.0000156704935528,448
-6.969e-05,0.00103845,1.0001279295763457,1.000020467632508,449
-0.000103845,0.00103845,1.0000079951190892,1.0000012792147588,450
-0.000103845,0.00103845,1.0000079951190892,1.000006076284678,451
-0.000103845,0.00103845,1.0000079951190892,1.0000108733776094,452
-0.000103845,0.00103845,1.0000079951190892,1.0000156704935528,453
-0.000103845,0.00103845,1.0000079951190892,1.000020467632508,454
-0.000103845,0.00103845,1.0000379773849828,1.0000012792147588,455
-0.000103845,0.00103845,1.0000379773849828,1.000006076284678,456
-0.000103845,0.00103845,1.0000379773849828,1.0000108733776094,457
-0.000103845,0.00103845,1.0000379773849828,1.0000156704935528,458
-0.000103845,0.00103845,1.0000379773849828,1.000020467632508,459
-0.000103845,0.00103845,1.0000679605498053,1.0000012792147588,460
-0.000103845,0.00103845,1.0000679605498053,1.000006076284678,461
-0.000103845,0.00103845,1.0000679605498053,1.0000108733776094,462
-0.000103845,0.00103845,1.0000679605498053,1.0000156704935528,463
-0.000103845,0.00103845,1.0000679605498053,1.000020467632508,464
-0.000103845,0.00103845,1.000097944613584,1.0000012792147588,465
-0.000103845,0.00103845,1.000097944613584,1.000006076284678,466
-0.000103845,0.00103845,1.000097944613584,1.0000108733776094,467
-0.000103845,0.00103845,1.000097944613584,1.0000156704935528,468
-0.000103845,0.00103845,1.000097944613584,1.000020467632508,469
-0.000103845,0.00103845,1.0001279295763457,1.0000012792147588,470
-0.000103845,0.00103845,1.0001279295763457,1.000006076284678,471
-0.000103845,0.00103845,1.0001279295763457,1.0000108733776094,472
-0.000103845,0.00103845,1.0001279295763457,1.0000156704935528,473
-0.000103845,0.00103845,1.0001279295763457,1.000020467632508,474
-0.000138,0.00103845,1.0000079951190892,1.0000012792147588,475
-0.000138,0.00103845,1.0000079951190892,1.000006076284678,476
-0.000138,0.00103845,1.0000079951190892,1.0000108733776094,477
-0.000138,0.00103845,1.0000079951190892,1.0000156704935528,478
-0.000138,0.00103845,1.0000079951190892,1.000020467632508,479
-0.000138,0.00103845,1.0000379773849828,1.0000012792147588,480
-0.000138,0.00103845,1.0000379773849828,1.000006076284678,481
-0.000138,0.00103845,1.0000379773849828,1.0000108733776094,482
-0.000138,0.00103845,1.0000379773849828,1.0000156704935528,483
-0.000138,0.00103845,1.0000379773849828,1.000020467632508,484
-0.000138,0.00103845,1.0000679605498053,1.0000012792147588,485
-0.000138,0.00103845,1.0000679605498053,1.000006076284678,486
-0.000138,0.00103845,1.0000679605498053,1.0000108733776094,487
-0.000138,0.00103845,1.0000679605498053,1.0000156704935528,488
-0.000138,0.00103845,1.0000679605498053,1.000020467632508,489
-0.000138,0.00103845,1.000097944613584,1.0000012792147588,490
-0.000138,0.00103845,1.000097944613584,1.000006076284678,491
-0.000138,0.00103845,1.000097944613584,1.0000108733776094,492
-0.000138,0.00103845,1.000097944613584,1.0000156704935528,493
-0.000138,0.00103845,1.000097944613584,1.000020467632508,494
-0.000138,0.00103845,1.0001279295763457,1.0000012792147588,495
-0.000138,0.00103845,1.0001279295763457,1.000006076284678,496
-0.000138,0.00103845,1.0001279295763457,1.0000108733776094,497
-0.000138,0.00103845,1.0001279295763457,1.0000156704935528,498
-0.000138,0.00103845,1.0001279295763457,1.000020467632508,499
-1.38e-06,0.00138,1.0000079951190892,1.0000012792147588,500
-1.38e-06,0.00138,1.0000079951190892,1.000006076284678,501
-1.38e-06,0.00138,1.0000079951190892,1.0000108733776094,502
-1.38e-06,0.00138,1.0000079951190892,1.0000156704935528,503
-1.38e-06,0.00138,1.0000079951190892,1.000020467632508,504
-1.38e-06,0.00138,1.0000379773849828,1.0000012792147588,505
-1.38e-06,0.00138,1.0000379773849828,1.000006076284678,506
-1.38e-06,0.00138,1.0000379773849828,1.0000108733776094,507
-1.38e-06,0.00138,1.0000379773849828,1.0000156704935528,508
-1.38e-06,0.00138,1.0000379773849828,1.000020467632508,509
-1.38e-06,0.00138,1.0000679605498053,1.0000012792147588,510
-1.38e-06,0.00138,1.0000679605498053,1.000006076284678,511
-1.38e-06,0.00138,1.0000679605498053,1.0000108733776094,512
-1.38e-06,0.00138,1.0000679605498053,1.0000156704935528,513
-1.38e-06,0.00138,1.0000679605498053,1.000020467632508,514
-1.38e-06,0.00138,1.000097944613584,1.0000012792147588,515
-1.38e-06,0.00138,1.000097944613584,1.000006076284678,516
-1.38e-06,0.00138,1.000097944613584,1.0000108733776094,517
-1.38e-06,0.00138,1.000097944613584,1.0000156704935528,518
-1.38e-06,0.00138,1.000097944613584,1.000020467632508,519
-1.38e-06,0.00138,1.0001279295763457,1.0000012792147588,520
-1.38e-06,0.00138,1.0001279295763457,1.000006076284678,521
-1.38e-06,0.00138,1.0001279295763457,1.0000108733776094,522
-1.38e-06,0.00138,1.0001279295763457,1.0000156704935528,523
-1.38e-06,0.00138,1.0001279295763457,1.000020467632508,524
-3.5535e-05,0.00138,1.0000079951190892,1.0000012792147588,525
-3.5535e-05,0.00138,1.0000079951190892,1.000006076284678,526
-3.5535e-05,0.00138,1.0000079951190892,1.0000108733776094,527
-3.5535e-05,0.00138,1.0000079951190892,1.0000156704935528,528
-3.5535e-05,0.00138,1.0000079951190892,1.000020467632508,529
-3.5535e-05,0.00138,1.0000379773849828,1.0000012792147588,530
-3.5535e-05,0.00138,1.0000379773849828,1.000006076284678,531
-3.5535e-05,0.00138,1.0000379773849828,1.0000108733776094,532
-3.5535e-05,0.00138,1.0000379773849828,1.0000156704935528,533
-3.5535e-05,0.00138,1.0000379773849828,1.000020467632508,534
-3.5535e-05,0.00138,1.0000679605498053,1.0000012792147588,535
-3.5535e-05,0.00138,1.0000679605498053,1.000006076284678,536
-3.5535e-05,0.00138,1.0000679605498053,1.0000108733776094,537
-3.5535e-05,0.00138,1.0000679605498053,1.0000156704935528,538
-3.5535e-05,0.00138,1.0000679605498053,1.000020467632508,539
-3.5535e-05,0.00138,1.000097944613584,1.0000012792147588,540
-3.5535e-05,0.00138,1.000097944613584,1.000006076284678,541
-3.5535e-05,0.00138,1.000097944613584,1.0000108733776094,542
-3.5535e-05,0.00138,1.000097944613584,1.0000156704935528,543
-3.5535e-05,0.00138,1.000097944613584,1.000020467632508,544
-3.5535e-05,0.00138,1.0001279295763457,1.0000012792147588,545
-3.5535e-05,0.00138,1.0001279295763457,1.000006076284678,546
-3.5535e-05,0.00138,1.0001279295763457,1.0000108733776094,547
-3.5535e-05,0.00138,1.0001279295763457,1.0000156704935528,548
-3.5535e-05,0.00138,1.0001279295763457,1.000020467632508,549
-6.969e-05,0.00138,1.0000079951190892,1.0000012792147588,550
-6.969e-05,0.00138,1.0000079951190892,1.000006076284678,551
-6.969e-05,0.00138,1.0000079951190892,1.0000108733776094,552
-6.969e-05,0.00138,1.0000079951190892,1.0000156704935528,553
-6.969e-05,0.00138,1.0000079951190892,1.000020467632508,554
-6.969e-05,0.00138,1.0000379773849828,1.0000012792147588,555
-6.969e-05,0.00138,1.0000379773849828,1.000006076284678,556
-6.969e-05,0.00138,1.0000379773849828,1.0000108733776094,557
-6.969e-05,0.00138,1.0000379773849828,1.0000156704935528,558
-6.969e-05,0.00138,1.0000379773849828,1.000020467632508,559
-6.969e-05,0.00138,1.0000679605498053,1.0000012792147588,560
-6.969e-05,0.00138,1.0000679605498053,1.000006076284678,561
-6.969e-05,0.00138,1.0000679605498053,1.0000108733776094,562
-6.969e-05,0.00138,1.0000679605498053,1.0000156704935528,563
-6.969e-05,0.00138,1.0000679605498053,1.000020467632508,564
-6.969e-05,0.00138,1.000097944613584,1.0000012792147588,565
-6.969e-05,0.00138,1.000097944613584,1.000006076284678,566
-6.969e-05,0.00138,1.000097944613584,1.0000108733776094,567
-6.969e-05,0.00138,1.000097944613584,1.0000156704935528,568
-6.969e-05,0.00138,1.000097944613584,1.000020467632508,569
-6.969e-05,0.00138,1.0001279295763457,1.0000012792147588,570
-6.969e-05,0.00138,1.0001279295763457,1.000006076284678,571
-6.969e-05,0.00138,1.0001279295763457,1.0000108733776094,572
-6.969e-05,0.00138,1.0001279295763457,1.0000156704935528,573
-6.969e-05,0.00138,1.0001279295763457,1.000020467632508,574
-0.000103845,0.00138,1.0000079951190892,1.0000012792147588,575
-0.000103845,0.00138,1.0000079951190892,1.000006076284678,576
-0.000103845,0.00138,1.0000079951190892,1.0000108733776094,577
-0.000103845,0.00138,1.0000079951190892,1.0000156704935528,578
-0.000103845,0.00138,1.0000079951190892,1.000020467632508,579
-0.000103845,0.00138,1.0000379773849828,1.0000012792147588,580
-0.000103845,0.00138,1.0000379773849828,1.000006076284678,581
-0.000103845,0.00138,1.0000379773849828,1.0000108733776094,582
-0.000103845,0.00138,1.0000379773849828,1.0000156704935528,583
-0.000103845,0.00138,1.0000379773849828,1.000020467632508,584
-0.000103845,0.00138,1.0000679605498053,1.0000012792147588,585
-0.000103845,0.00138,1.0000679605498053,1.000006076284678,586
-0.000103845,0.00138,1.0000679605498053,1.0000108733776094,587
-0.000103845,0.00138,1.0000679605498053,1.0000156704935528,588
-0.000103845,0.00138,1.0000679605498053,1.000020467632508,589
-0.000103845,0.00138,1.000097944613584,1.0000012792147588,590
-0.000103845,0.00138,1.000097944613584,1.000006076284678,591
-0.000103845,0.00138,1.000097944613584,1.0000108733776094,592
-0.000103845,0.00138,1.000097944613584,1.0000156704935528,593
-0.000103845,0.00138,1.000097944613584,1.000020467632508,594
-0.000103845,0.00138,1.0001279295763457,1.0000012792147588,595
-0.000103845,0.00138,1.0001279295763457,1.000006076284678,596
-0.000103845,0.00138,1.0001279295763457,1.0000108733776094,597
-0.000103845,0.00138,1.0001279295763457,1.0000156704935528,598
-0.000103845,0.00138,1.0001279295763457,1.000020467632508,599
-0.000138,0.00138,1.0000079951190892,1.0000012792147588,600
-0.000138,0.00138,1.0000079951190892,1.000006076284678,601
-0.000138,0.00138,1.0000079951190892,1.0000108733776094,602
-0.000138,0.00138,1.0000079951190892,1.0000156704935528,603
-0.000138,0.00138,1.0000079951190892,1.000020467632508,604
-0.000138,0.00138,1.0000379773849828,1.0000012792147588,605
-0.000138,0.00138,1.0000379773849828,1.000006076284678,606
-0.000138,0.00138,1.0000379773849828,1.0000108733776094,607
-0.000138,0.00138,1.0000379773849828,1.0000156704935528,608
-0.000138,0.00138,1.0000379773849828,1.000020467632508,609
-0.000138,0.00138,1.0000679605498053,1.0000012792147588,610
-0.000138,0.00138,1.0000679605498053,1.000006076284678,611
-0.000138,0.00138,1.0000679605498053,1.0000108733776094,612
-0.000138,0.00138,1.0000679605498053,1.0000156704935528,613
-0.000138,0.00138,1.0000679605498053,1.000020467632508,614
-0.000138,0.00138,1.000097944613584,1.0000012792147588,615
-0.000138,0.00138,1.000097944613584,1.000006076284678,616
-0.000138,0.00138,1.000097944613584,1.0000108733776094,617
-0.000138,0.00138,1.000097944613584,1.0000156704935528,618
-0.000138,0.00138,1.000097944613584,1.000020467632508,619
-0.000138,0.00138,1.0001279295763457,1.0000012792147588,620
-0.000138,0.00138,1.0001279295763457,1.000006076284678,621
-0.000138,0.00138,1.0001279295763457,1.0000108733776094,622
-0.000138,0.00138,1.0001279295763457,1.0000156704935528,623
-0.000138,0.00138,1.0001279295763457,1.000020467632508,624
